Workbook

Sheet Steady State Vairable Mass Flow
H2: Test
C3: InPuts | E3: Value | F3: Units | H3: Compairsion between dymola steady state and EES steady states
B4: Temperature | C4: Ambient | E4: 25 | F4: C
C5: Evaporator | E5: 5 | F5: C
C6: Generator | E6: 90 | F6: C
C7: Absorber | E7: 32 | F7: C
C8: Condensor Approuch | E8: 4 | F8: k
C9: Evaporater aprouch | E9: 3 | F9: k
B10: Pressure | C10: Generator | E10: 16 | F10: bar
C11: Absorber | E11: 4 | F11: bar
B12: General | C12: Refrigerant Flow Rate | F12: kg/s
C13: Pump Effiecieny | E13: 0.62 | F13: N/A
A16: Refrigerant mass flow rate = 0.05 kg/s | B16: MassFraction of Ammonina | F16: Temperature [c] | J16: Pressure [Bar] | N16: Delta Enthalpy [kj/kg] | R16: Mass Flow Rate [kg/s]
B17: State | C17: Dymola | D17: EES | E17: % Diff | F17: State | G17: Dymola | H17: EES | I17: % Diff | J17: State | K17: Dymola | L17: EES | M17: % Diff | N17: State | O17: Dymola | P17: EES | Q17: % Diff | R17: State | S17: Dymola | T17: EES | U17: % Diff
B18: X_1 | C18: 0.97791624 | D18: 0.97 | E18: =ABS((D18-C18)/(AVERAGE(C18,D18)))*100 -> 0.8127906 | F18: 1 | G18: -1.2198242 | H18: -1.282 | I18: =ABS((H18-G18)/(AVERAGE(G18,H18)))*100 -> 4.9704372 | J18: 1 | K18: 4 | L18: 4 | M18: =ABS((L18-K18)/(AVERAGE(K18,L18)))*100 -> 0 | N18: 1 - 2 | O18: ='Unit Conversion'!D19-'Unit Conversion'!D18 -> 929.34456 | P18: ='Unit Conversion'!E19-'Unit Conversion'!E18 -> 959.6 | Q18: =ABS((P18-O18)/(AVERAGE(O18,P18)))*100 -> 3.2034228 | R18: Water out of Generator | S18: 0.5811572 | T18: 0.5546 | U18: =ABS((T18-S18)/(AVERAGE(S18,T18)))*100 -> 4.6765629
B19: X_2 | C19: 0.97791624 | D19: 0.97 | E19: =ABS((D19-C19)/(AVERAGE(C19,D19)))*100 -> 0.8127906 | F19: 2 | G19: 1.9999939 | H19: 2 | I19: =ABS((H19-G19)/(AVERAGE(G19,H19)))*100 -> 0.00030500047 | J19: 2 | K19: 4 | L19: 4 | M19: =ABS((L19-K19)/(AVERAGE(K19,L19)))*100 -> 0 | N19: 3-2 | O19: ='Unit Conversion'!D20-'Unit Conversion'!D19 -> 411.5118 | P19: ='Unit Conversion'!E20-'Unit Conversion'!E19 -> 381 | Q19: =ABS((P19-O19)/(AVERAGE(O19,P19)))*100 -> 7.7000242 | R19: Mixture out of Absorber | S19: 0.6311572 | T19: 0.6046 | U19: =ABS((T19-S19)/(AVERAGE(S19,T19)))*100 -> 4.2981259
B20: X_3 | C20: 0.97791624 | D20: 0.97 | E20: =ABS((D20-C20)/(AVERAGE(C20,D20)))*100 -> 0.8127906 | F20: 3 | G20: 89.99999 | H20: 90 | I20: =ABS((H20-G20)/(AVERAGE(G20,H20)))*100 -> 1.1111112e-05 | J20: 3 | K20: 16 | L20: 16 | M20: =ABS((L20-K20)/(AVERAGE(K20,L20)))*100 -> 0 | N20: 4-3 | O20: ='Unit Conversion'!D21-'Unit Conversion'!D20 -> -1340.8564 | P20: ='Unit Conversion'!E21-'Unit Conversion'!E20 -> -1340.6 | Q20: =ABS((P20-O20)/(AVERAGE(O20,P20)))*100 -> 0.019120953
B21: X_4 | C21: 0.97791624 | D21: 0.97 | E21: =ABS((D21-C21)/(AVERAGE(C21,D21)))*100 -> 0.8127906 | F21: 4 | G21: 28.999994 | H21: 29 | I21: =ABS((H21-G21)/(AVERAGE(G21,H21)))*100 -> 2.0689657e-05 | J21: 4 | K21: 16 | L21: 16 | M21: =ABS((L21-K21)/(AVERAGE(K21,L21)))*100 -> 0 | N21: 5-4 | O21: ='Unit Conversion'!D22-'Unit Conversion'!D21 -> -391.96536 | P21: ='Unit Conversion'!E22-'Unit Conversion'!E21 -> -217.84 | Q21: =ABS((P21-O21)/(AVERAGE(O21,P21)))*100 -> 57.108504
B22: X_5 | C22: 0.49579787 | D22: 0.47 | E22: =ABS((D22-C22)/(AVERAGE(C22,D22)))*100 -> 5.3422918 | F22: 5 | G22: 31.999994 | H22: 32 | I22: =ABS((H22-G22)/(AVERAGE(G22,H22)))*100 -> 1.8750002e-05 | J22: 5 | K22: 4 | L22: 4 | M22: =ABS((L22-K22)/(AVERAGE(K22,L22)))*100 -> 0 | N22: 6-5 | O22: ='Unit Conversion'!D23-'Unit Conversion'!D22 -> 2.366315 | P22: ='Unit Conversion'!E23-'Unit Conversion'!E22 -> 2.36 | Q22: =ABS((P22-O22)/(AVERAGE(O22,P22)))*100 -> 0.26722722
B23: X_6 | C23: 0.49579787 | D23: 0.47 | E23: =ABS((D23-C23)/(AVERAGE(C23,D23)))*100 -> 5.3422918 | F23: 6 | G23: 32.307213 | H23: 32.3 | I23: =ABS((H23-G23)/(AVERAGE(G23,H23)))*100 -> 0.022328776 | J23: 6 | K23: 16 | L23: 16 | M23: =ABS((L23-K23)/(AVERAGE(K23,L23)))*100 -> 0 | N23: 7-6 | O23: ='Unit Conversion'!D24-'Unit Conversion'!D23 -> 258.5621 | P23: ='Unit Conversion'!E24-'Unit Conversion'!E23 -> 263.08 | Q23: =ABS((P23-O23)/(AVERAGE(O23,P23)))*100 -> 1.7321819
B24: X_7 | C24: 0.4543187 | D24: 0.4625 | E24: =ABS((D24-C24)/(AVERAGE(C24,D24)))*100 -> 1.7847149 | F24: 7 | G24: 89.99999 | H24: 90 | I24: =ABS((H24-G24)/(AVERAGE(G24,H24)))*100 -> 1.1111112e-05 | J24: 7 | K24: 16 | L24: 16 | M24: =ABS((L24-K24)/(AVERAGE(K24,L24)))*100 -> 0
B25: X_8 | C25: 0.4543187 | D25: 0.4625 | E25: =ABS((D25-C25)/(AVERAGE(C25,D25)))*100 -> 1.7847149 | F25: 8 | G25: 51.488243 | H25: 51.08 | I25: =ABS((H25-G25)/(AVERAGE(G25,H25)))*100 -> 0.79604171 | J25: 8 | K25: 4 | L25: 4 | M25: =ABS((L25-K25)/(AVERAGE(K25,L25)))*100 -> 0
A29: Refrigerant mass flow rate = 10 kg/s | B29: MassFraction of Ammonina | F29: Temperature [c] | J29: Pressure [Bar] | N29: Delta Enthalpy [kj/kg] | R29: Mass Flow Rate [kg/s]
B30: State | C30: Dymola | D30: EES | E30: % Diff | F30: State | G30: Dymola | H30: EES | I30: % Diff | J30: State | K30: Dymola | L30: EES | M30: % Diff | N30: State | O30: Dymola | P30: EES | Q30: % Diff | R30: State | S30: Dymola | T30: EES | U30: % Diff
B31: X_1 | C31: 0.97791624 | D31: 0.9786 | E31: =ABS((D31-C31)/(AVERAGE(C31,D31)))*100 -> 0.069895663 | F31: 1 | G31: -1.2198242 | H31: -1.282 | I31: =ABS((H31-G31)/(AVERAGE(G31,H31)))*100 -> 4.9704372 | J31: 1 | K31: 4 | L31: 4 | M31: =ABS((L31-K31)/(AVERAGE(K31,L31)))*100 -> 0 | N31: 1 - 2 | Q31: =ABS((P31-O31)/(AVERAGE(O31,P31)))*100 -> #DIV/0! | R31: Water out of Generator | S31: 116.23144 | T31: 110.9 | U31: =ABS((T31-S31)/(AVERAGE(S31,T31)))*100 -> 4.69459
B32: X_2 | C32: 0.97791624 | D32: 0.9786 | E32: =ABS((D32-C32)/(AVERAGE(C32,D32)))*100 -> 0.069895663 | F32: 2 | G32: 1.9999939 | H32: 2 | I32: =ABS((H32-G32)/(AVERAGE(G32,H32)))*100 -> 0.00030500047 | J32: 2 | K32: 4 | L32: 4 | M32: =ABS((L32-K32)/(AVERAGE(K32,L32)))*100 -> 0 | N32: 3-2 | Q32: =ABS((P32-O32)/(AVERAGE(O32,P32)))*100 -> #DIV/0! | R32: Mixture out of Absorber | S32: 126.23144 | T32: 120.9 | U32: =ABS((T32-S32)/(AVERAGE(S32,T32)))*100 -> 4.3146634
B33: X_3 | C33: 0.97791624 | D33: 0.9786 | E33: =ABS((D33-C33)/(AVERAGE(C33,D33)))*100 -> 0.069895663 | F33: 3 | G33: 89.99999 | H33: 90 | I33: =ABS((H33-G33)/(AVERAGE(G33,H33)))*100 -> 1.1111112e-05 | J33: 3 | K33: 16 | L33: 16 | M33: =ABS((L33-K33)/(AVERAGE(K33,L33)))*100 -> 0 | N33: 4-3 | Q33: =ABS((P33-O33)/(AVERAGE(O33,P33)))*100 -> #DIV/0!
B34: X_4 | C34: 0.97791624 | D34: 0.9786 | E34: =ABS((D34-C34)/(AVERAGE(C34,D34)))*100 -> 0.069895663 | F34: 4 | G34: 28.999994 | H34: 29 | I34: =ABS((H34-G34)/(AVERAGE(G34,H34)))*100 -> 2.0689657e-05 | J34: 4 | K34: 16 | L34: 16 | M34: =ABS((L34-K34)/(AVERAGE(K34,L34)))*100 -> 0 | N34: 5-4 | Q34: =ABS((P34-O34)/(AVERAGE(O34,P34)))*100 -> #DIV/0!
B35: X_5 | C35: 0.49579787 | D35: 0.5052 | E35: =ABS((D35-C35)/(AVERAGE(C35,D35)))*100 -> 1.8785514 | F35: 5 | G35: 31.999994 | H35: 32 | I35: =ABS((H35-G35)/(AVERAGE(G35,H35)))*100 -> 1.8750002e-05 | J35: 5 | K35: 4 | L35: 4 | M35: =ABS((L35-K35)/(AVERAGE(K35,L35)))*100 -> 0 | N35: 6-5 | Q35: =ABS((P35-O35)/(AVERAGE(O35,P35)))*100 -> #DIV/0!
B36: X_6 | C36: 0.49579787 | D36: 0.5052 | E36: =ABS((D36-C36)/(AVERAGE(C36,D36)))*100 -> 1.8785514 | F36: 6 | G36: 32.307213 | H36: 32.3 | I36: =ABS((H36-G36)/(AVERAGE(G36,H36)))*100 -> 0.022328776 | J36: 6 | K36: 16 | L36: 16 | M36: =ABS((L36-K36)/(AVERAGE(K36,L36)))*100 -> 0 | N36: 7-6 | Q36: =ABS((P36-O36)/(AVERAGE(O36,P36)))*100 -> #DIV/0!
B37: X_7 | C37: 0.4543187 | D37: 0.4625 | E37: =ABS((D37-C37)/(AVERAGE(C37,D37)))*100 -> 1.7847149 | F37: 7 | G37: 89.99999 | H37: 90 | I37: =ABS((H37-G37)/(AVERAGE(G37,H37)))*100 -> 1.1111112e-05 | J37: 7 | K37: 16 | L37: 16 | M37: =ABS((L37-K37)/(AVERAGE(K37,L37)))*100 -> 0
B38: X_8 | C38: 0.4543187 | D38: 0.4625 | E38: =ABS((D38-C38)/(AVERAGE(C38,D38)))*100 -> 1.7847149 | F38: 8 | G38: 51.488243 | H38: 51.08 | I38: =ABS((H38-G38)/(AVERAGE(G38,H38)))*100 -> 0.79604171 | J38: 8 | K38: 4 | L38: 4 | M38: =ABS((L38-K38)/(AVERAGE(K38,L38)))*100 -> 0

Sheet Unit Conversion
C4: Enthalpy [kj/kg]
C5: State | D5: j/kg | E5: kj/kg
C6: 1 | D6: 454629.44 | E6: =D6/1000 -> 454.62944
C7: 2 | D7: 1383974 | E7: =D7/1000 -> 1383.974
C8: 3 | D8: 1795485.8 | E8: =D8/1000 -> 1795.4858
C9: 4 | D9: 454629.44 | E9: =D9/1000 -> 454.62944
C10: 5 | D10: 62664.08 | E10: =D10/1000 -> 62.66408
C11: 6 | D11: 65030.395 | E11: =D11/1000 -> 65.030395
C12: 7 | D12: 323592.5 | E12: =D12/1000 -> 323.5925
C13: 8 | D13: 323592.5 | E13: =D13/1000 -> 323.5925
C16: Enthalpy [kj/kg]
C17: State | D17: Dymola | E17: EES | F17: % Diff
C18: 1 | D18: 454.62944 | E18: 121.4 | F18: =ABS((E18-D18)/(AVERAGE(D18,E18)))*100 -> 115.69875
C19: 2 | D19: 1383.974 | E19: 1081 | F19: =ABS((E19-D19)/(AVERAGE(D19,E19)))*100 -> 24.582328
C20: 3 | D20: 1795.4858 | E20: 1462 | F20: =ABS((E20-D20)/(AVERAGE(D20,E20)))*100 -> 20.475042
C21: 4 | D21: 454.62944 | E21: 121.4 | F21: =ABS((E21-D21)/(AVERAGE(D21,E21)))*100 -> 115.69875
C22: 5 | D22: 62.66408 | E22: -96.44 | F22: =ABS((E22-D22)/(AVERAGE(D22,E22)))*100 -> 942.11545
C23: 6 | D23: 65.030395 | E23: -94.08 | F23: =ABS((E23-D23)/(AVERAGE(D23,E23)))*100 -> 1095.4393
C24: 7 | D24: 323.5925 | E24: 169 | F24: =ABS((E24-D24)/(AVERAGE(D24,E24)))*100 -> 62.766891
C25: 8 | D25: 323.5925 | E25: 169 | F25: =ABS((E25-D25)/(AVERAGE(D25,E25)))*100 -> 62.766891
D29: 74729.555
D30: -6409.8374
D31: 21374.994
D32: 102233.92

Sheet Steady State Vairable Propertys
H2: Test
C3: InPuts | E3: Value | F3: Units | H3: Compairsion between dymola steady state and EES steady states
B4: Temperature | C4: Ambient | E4: 25 | F4: C
C5: Evaporator | E5: 5 | F5: C
C6: Generator | E6: 90 | F6: C
C7: Absorber | E7: 32 | F7: C
C8: Condensor Approuch | E8: 4 | F8: k
C9: Evaporater aprouch | E9: 3 | F9: k
B10: Pressure | C10: Generator | E10: 16 | F10: bar
C11: Absorber | E11: 4 | F11: bar
B12: General | C12: Refrigerant Flow Rate | F12: kg/s
C13: Pump Effiecieny | E13: 0.62 | F13: N/A
A16: Refrigerant mass flow rate = 0.05 kg/s | B16: MassFraction of Ammonina | F16: Temperature [c] | J16: Pressure [Bar] | N16: Delta Enthalpy [kj/kg] | R16: Mass Flow Rate [kg/s]
B17: State | C17: Dymola | D17: EES | E17: % Diff | F17: State | G17: Dymola | H17: EES | I17: % Diff | J17: State | K17: Dymola | L17: EES | M17: % Diff | N17: State | O17: Dymola | P17: EES | Q17: % Diff | R17: State | S17: Dymola | T17: EES | U17: % Diff
B18: X_1 | C18: 0.9303975 | D18: 0.933 | E18: =ABS((D18-C18)/(AVERAGE(C18,D18)))*100 -> 0.27932848 | F18: 1 | G18: 11.515528 | H18: 11.21 | I18: =ABS((H18-G18)/(AVERAGE(G18,H18)))*100 -> 2.6888528 | J18: 1 | K18: 6 | L18: 6 | M18: =ABS((L18-K18)/(AVERAGE(K18,L18)))*100 -> 0 | N18: 1 - 2 | Q18: =ABS((P18-O18)/(AVERAGE(O18,P18)))*100 -> #DIV/0! | R18: Water out of Generator | S18: 0.044072665 | T18: 0.0542 | U18: =ABS((T18-S18)/(AVERAGE(S18,T18)))*100 -> 20.610686
B19: X_2 | C19: 0.9303975 | D19: 0.933 | E19: =ABS((D19-C19)/(AVERAGE(C19,D19)))*100 -> 0.27932848 | F19: 2 | G19: 1.9999939 | H19: 2 | I19: =ABS((H19-G19)/(AVERAGE(G19,H19)))*100 -> 0.00030500047 | J19: 2 | K19: 6 | L19: 6 | M19: =ABS((L19-K19)/(AVERAGE(K19,L19)))*100 -> 0 | N19: 3-2 | Q19: =ABS((P19-O19)/(AVERAGE(O19,P19)))*100 -> #DIV/0! | R19: Mixture out of Absorber | S19: 0.09407266 | T19: 0.095259 | U19: =ABS((T19-S19)/(AVERAGE(S19,T19)))*100 -> 1.2531871
B20: X_3 | C20: 0.9303975 | D20: 0.933 | E20: =ABS((D20-C20)/(AVERAGE(C20,D20)))*100 -> 0.27932848 | F20: 3 | G20: 119.99999 | H20: 120 | I20: =ABS((H20-G20)/(AVERAGE(G20,H20)))*100 -> 8.3333337e-06 | J20: 3 | K20: 20 | L20: 20 | M20: =ABS((L20-K20)/(AVERAGE(K20,L20)))*100 -> 0 | N20: 4-3 | Q20: =ABS((P20-O20)/(AVERAGE(O20,P20)))*100 -> #DIV/0!
B21: X_4 | C21: 0.9303975 | D21: 0.933 | E21: =ABS((D21-C21)/(AVERAGE(C21,D21)))*100 -> 0.27932848 | F21: 4 | G21: 28.999994 | H21: 29 | I21: =ABS((H21-G21)/(AVERAGE(G21,H21)))*100 -> 2.0689657e-05 | J21: 4 | K21: 20 | L21: 20 | M21: =ABS((L21-K21)/(AVERAGE(K21,L21)))*100 -> 0 | N21: 5-4 | Q21: =ABS((P21-O21)/(AVERAGE(O21,P21)))*100 -> #DIV/0!
B22: X_5 | C22: 0.66342145 | D22: 0.6646 | E22: =ABS((D22-C22)/(AVERAGE(C22,D22)))*100 -> 0.1774896 | F22: 5 | G22: 24.999994 | H22: 25 | I22: =ABS((H22-G22)/(AVERAGE(G22,H22)))*100 -> 2.4000003e-05 | J22: 5 | K22: 6 | L22: 6 | M22: =ABS((L22-K22)/(AVERAGE(K22,L22)))*100 -> 0 | N22: 6-5 | Q22: =ABS((P22-O22)/(AVERAGE(O22,P22)))*100 -> #DIV/0!
B23: X_6 | C23: 0.66342145 | D23: 0.6646 | E23: =ABS((D23-C23)/(AVERAGE(C23,D23)))*100 -> 0.1774896 | F23: 6 | G23: 25.410608 | H23: 25.4 | I23: =ABS((H23-G23)/(AVERAGE(G23,H23)))*100 -> 0.04175506 | J23: 6 | K23: 20 | L23: 20 | M23: =ABS((L23-K23)/(AVERAGE(K23,L23)))*100 -> 0 | N23: 7-6 | Q23: =ABS((P23-O23)/(AVERAGE(O23,P23)))*100 -> #DIV/0!
B24: X_7 | C24: 0.36053973 | D24: 0.3684 | E24: =ABS((D24-C24)/(AVERAGE(C24,D24)))*100 -> 2.156631 | F24: 7 | G24: 119.99999 | H24: 120 | I24: =ABS((H24-G24)/(AVERAGE(G24,H24)))*100 -> 8.3333337e-06 | J24: 7 | K24: 20 | L24: 20 | M24: =ABS((L24-K24)/(AVERAGE(K24,L24)))*100 -> 0
B25: X_8 | C25: 0.36053973 | D25: 0.3684 | E25: =ABS((D25-C25)/(AVERAGE(C25,D25)))*100 -> 2.156631 | F25: 8 | G25: 84.130455 | H25: 83.61 | I25: =ABS((H25-G25)/(AVERAGE(G25,H25)))*100 -> 0.62054798 | J25: 8 | K25: 6 | L25: 6 | M25: =ABS((L25-K25)/(AVERAGE(K25,L25)))*100 -> 0
B29: Heat Transfer [Kw]
B30: State | C30: Dymola | D30: EES | E30: % Diff
B31: Condensor | C31: ='Unit Conversion'!D29/1000 -> 74.729555 | D31: 74.4 | E31: =ABS((D31-C31)/(AVERAGE(C31,D31)))*100 -> 0.44197141
B32: Evaporator | C32: ='Unit Conversion'!D30/1000 -> -6.4098374 | D32: -6.38 | E32: =ABS((D32-C32)/(AVERAGE(C32,D32)))*100 -> 0.46657982
B33: Absorber | C33: ='Unit Conversion'!D31/1000 -> 21.374994 | D33: 21.49 | E33: =ABS((D33-C33)/(AVERAGE(C33,D33)))*100 -> 0.53659637
B34: Generator | C34: ='Unit Conversion'!D32/1000 -> 102.23392 | D34: 102 | E34: =ABS((D34-C34)/(AVERAGE(C34,D34)))*100 -> 0.22907067

Sheet Steady State TIL Pump
H2: Test
C3: InPuts | E3: Value | F3: Units | H3: Compairsion between dymola steady state and EES steady states
B4: Temperature | C4: Ambient | E4: 25 | F4: C
C5: Evaporator | E5: 5 | F5: C
C6: Generator | E6: 90 | F6: C
C7: Absorber | E7: 32 | F7: C
C8: Condensor Approuch | E8: 4 | F8: k
C9: Evaporater aprouch | E9: 3 | F9: k
B10: Pressure | C10: Generator | E10: 16 | F10: bar
C11: Absorber | E11: 4 | F11: bar
B12: General | C12: Strong Solution | E12: 0.6046 | F12: kg/s
C13: Pump Effiecieny | E13: 0.62 | F13: N/A
A16: Refrigerant mass flow rate = 0.05 kg/s | B16: MassFraction of Ammonina | F16: Temperature [c] | J16: Pressure [Bar] | N16: Mass Flow Rate [kg/s]
B17: State | C17: Dymola | D17: EES | E17: % Diff | F17: State | G17: Dymola | H17: EES | I17: % Diff | J17: State | K17: Dymola | L17: EES | M17: % Diff | N17: State | O17: Dymola | P17: EES | Q17: % Diff
B18: X_1 | C18: 0.9747141 | D18: 0.9786 | E18: =ABS((D18-C18)/(AVERAGE(C18,D18)))*100 -> 0.39787764 | F18: 1 | G18: -1.0622314 | H18: -1.27 | I18: =ABS((H18-G18)/(AVERAGE(G18,H18)))*100 -> 17.817151 | J18: 1 | K18: 4.0094295 | L18: 4 | M18: =ABS((L18-K18)/(AVERAGE(K18,L18)))*100 -> 0.23545997 | N18: Refigerant Flow Rate | O18: 0.04714693 | P18: 0.04962 | Q18: =ABS((P18-O18)/(AVERAGE(O18,P18)))*100 -> 5.111395
B19: X_2 | C19: 0.9747141 | D19: 0.9786 | E19: =ABS((D19-C19)/(AVERAGE(C19,D19)))*100 -> 0.39787764 | F19: 2 | G19: 1.9995972 | H19: 2 | I19: =ABS((H19-G19)/(AVERAGE(G19,H19)))*100 -> 0.020142028 | J19: 2 | K19: 4.0094295 | L19: 4 | M19: =ABS((L19-K19)/(AVERAGE(K19,L19)))*100 -> 0.23545997 | N19: Return Water | O19: =0.6046-O18 -> 0.55745307 | P19: 0.5504 | Q19: =ABS((P19-O19)/(AVERAGE(O19,P19)))*100 -> 1.2732862
B20: X_3 | C20: 0.9747141 | D20: 0.9786 | E20: =ABS((D20-C20)/(AVERAGE(C20,D20)))*100 -> 0.39787764 | F20: 3 | G20: 89.99999 | H20: 90 | I20: =ABS((H20-G20)/(AVERAGE(G20,H20)))*100 -> 1.1111112e-05 | J20: 3 | K20: 14.627981 | L20: 16 | M20: =ABS((L20-K20)/(AVERAGE(K20,L20)))*100 -> 8.959252
B21: X_4 | C21: 0.9747141 | D21: 0.9786 | E21: =ABS((D21-C21)/(AVERAGE(C21,D21)))*100 -> 0.39787764 | F21: 4 | G21: 28.999994 | H21: 34 | I21: =ABS((H21-G21)/(AVERAGE(G21,H21)))*100 -> 15.873036 | J21: 4 | K21: 14.618552 | L21: 16 | M21: =ABS((L21-K21)/(AVERAGE(K21,L21)))*100 -> 9.0236011
B22: X_5 | C22: 0.49579787 | D22: 0.5052 | E22: =ABS((D22-C22)/(AVERAGE(C22,D22)))*100 -> 1.8785514 | F22: 5 | G22: 31.999994 | H22: 32 | I22: =ABS((H22-G22)/(AVERAGE(G22,H22)))*100 -> 1.8750002e-05 | J22: 5 | K22: 4 | L22: 4 | M22: =ABS((L22-K22)/(AVERAGE(K22,L22)))*100 -> 0
B23: X_6 | C23: 0.49579787 | D23: 0.5052 | E23: =ABS((D23-C23)/(AVERAGE(C23,D23)))*100 -> 1.8785514 | F23: 6 | G23: 32.520134 | H23: 32.3 | I23: =ABS((H23-G23)/(AVERAGE(G23,H23)))*100 -> 0.67921489 | J23: 6 | K23: 14.627981 | L23: 16 | M23: =ABS((L23-K23)/(AVERAGE(K23,L23)))*100 -> 8.959252
B24: X_7 | C24: 0.43339202 | D24: 0.4625 | E24: =ABS((D24-C24)/(AVERAGE(C24,D24)))*100 -> 6.4981001 | F24: 7 | G24: 89.99999 | H24: 90 | I24: =ABS((H24-G24)/(AVERAGE(G24,H24)))*100 -> 1.1111112e-05 | J24: 7 | K24: 14.627981 | L24: 16 | M24: =ABS((L24-K24)/(AVERAGE(K24,L24)))*100 -> 8.959252
B25: X_8 | C25: 0.43339202 | D25: 0.4625 | E25: =ABS((D25-C25)/(AVERAGE(C25,D25)))*100 -> 6.4981001 | F25: 8 | G25: 54.41018 | H25: 51.08 | I25: =ABS((H25-G25)/(AVERAGE(G25,H25)))*100 -> 6.3137251 | J25: 8 | K25: 4 | L25: 4 | M25: =ABS((L25-K25)/(AVERAGE(K25,L25)))*100 -> 0
B27: Heat Transfer [Kw]
B28: State | C28: Dymola | D28: EES | E28: % Diff
B29: Condensor | C29: 65 | D29: 65.8 | E29: =ABS((D29-C29)/(AVERAGE(C29,D29)))*100 -> 1.2232416
B30: Evaporator | C30: 44 | D30: 46.75 | E30: =ABS((D30-C30)/(AVERAGE(C30,D30)))*100 -> 6.0606061
B31: Absorber | C31: 179 | D31: 206 | E31: =ABS((D31-C31)/(AVERAGE(C31,D31)))*100 -> 14.025974
B32: Generator | C32: 199 | D32: 223.7 | E32: =ABS((D32-C32)/(AVERAGE(C32,D32)))*100 -> 11.686775
